x,y,z,cluster
-10.728766,-41.853092,16.548115,2
20.316446,-24.649101,-9.232564,2
-1.0961406,-26.73364,27.359442,2
-7.5527167,-9.1219425,11.997162,2
-19.43656,-19.0028,13.741852,2
5.7985067,-29.66071,-20.532236,2
-7.199476,-27.155943,32.942024,2
-18.969093,-30.408484,19.812054,2
7.4437113,-28.046011,32.73747,2
-5.362035,-26.410122,28.208538,2
-13.135454,-33.3713,23.028559,2
3.8497417,-17.590523,25.637802,2
-12.625669,-36.014896,-14.258217,2
4.6982036,-39.872528,-13.618816,2
-9.367655,11.284097,2.2490451,1
4.1422677,-8.041552,27.437332,2
11.466661,-11.458231,-10.252328,1
-19.332088,-27.352797,14.661716,2
-29.023447,-37.195118,-9.733774,2
8.640912,-38.308388,-16.718626,2
-29.337673,-43.321716,12.689601,0
-1.1433976,-17.485058,30.191265,2
12.303765,-34.991314,6.147789,2
-14.267575,3.0711117,14.382135,1
-0.8880752,-28.520111,-11.617986,2
1.7780446,-21.642965,4.953766,2
-15.264774,-18.296513,-2.4852788,2
19.812553,1.406588,-0.75650775,1
-0.25923252,-42.376312,-17.628963,2
9.338332,-27.366089,3.8792653,2
18.934061,-34.77087,0.6999649,2
-12.70384,1.0048532,8.452417,1
-10.134823,-39.799366,-5.9060144,2
-6.829498,-52.561893,4.4201984,2
19.28945,-25.120651,-6.093511,2
11.538558,-15.700033,-19.820366,2
6.227139,-21.043808,-8.726008,2
10.816504,-29.709167,-12.200378,2
-19.854748,-46.911907,11.037909,0
-5.4579654,-48.140266,5.089615,2
10.414751,-17.698069,32.605495,2
5.443145,-33.43235,4.4586473,2
-23.600775,-31.372265,0.023580078,2
-11.501602,-22.675701,22.167149,2
20.77881,7.82769,5.6425843,1
3.2460465,-36.90629,-21.044287,2
-15.436629,-31.725756,1.6415446,2
6.8571334,-34.28791,-9.787095,2
-2.4801283,-21.049822,21.257221,2
-15.249061,-0.14789078,4.8503594,1
-2.9367714,-28.529737,23.291418,2
13.220932,-17.472977,27.002768,2
-27.041649,-40.94676,9.162354,0
18.891151,-9.000414,18.218693,2
-31.873323,-30.827301,-1.8506094,0
-16.648842,-9.161291,13.325299,2
12.9140625,-3.6935909,1.7673151,2
-15.264774,-18.296513,-2.4852788,2
-19.332088,-27.352797,14.661716,2
-7.7724395,-37.844894,14.415531,2
-10.773572,-16.766214,2.0554535,2
0.9321223,-44.27252,12.651322,2
6.9698443,-29.095533,27.698101,2
-15.370939,-7.114339,19.33178,2
-4.9345994,-21.768007,29.26038,2
-18.471285,-21.427788,-15.388817,2
-7.0790124,-33.62082,5.6442003,2
2.5522559,-5.7167344,20.081524,1
-7.7724395,-37.844894,14.415531,2
1.6621064,9.535598,3.2273765,1
1.8556447,-32.929718,26.256702,2
-12.232177,17.80211,-19.703075,1
-9.446949,-3.148608,11.589559,1
7.861453,-12.427053,32.743668,2
-9.148669,-37.915123,-1.2683308,2
10.629775,-10.625726,-17.13887,1
14.06321,-32.762863,-14.145792,2
41.877632,8.670559,11.250549,1
10.231889,-9.309697,11.157166,1
13.95377,0.65635914,7.354204,1
21.743519,2.9703069,3.4245613,1
2.5485847,-26.895529,-5.979445,2
5.0541306,-44.478123,-12.914263,2
8.000098,-10.69365,-12.950979,1
-7.764713,24.920412,-3.5306456,1
8.618878,-16.97778,-4.5084186,2
18.713806,-16.47188,-10.936216,1
-16.719774,-21.838419,25.019917,2
-2.8799553,-43.262547,22.762045,2
-7.551818,-17.07653,-1.9915004,2
4.645326,-20.448391,-13.615967,2
7.8810863,-14.48479,27.294298,2
2.9075892,-20.121737,-6.523745,2
-13.060053,0.04397444,16.120886,1
-15.370939,-7.114339,19.33178,2
-2.6028745,-20.747066,16.396769,2
-17.17593,-20.76582,-8.4576845,2
0.24900074,-12.531079,29.26038,2
8.32509,-20.279839,15.277423,2
17.310598,-39.223946,1.1199709,2
8.870922,-33.207764,0.80072266,2
11.172619,-14.431439,-14.165324,1
14.477458,-28.227097,-15.38268,2
4.6155076,-34.049576,-14.3159685,2
1.5101393,-24.005386,0.8876619,2
9.990535,-10.785845,6.669968,2
7.1654987,-1.4494324,-30.052807,1
4.8968153,-17.12824,44.429546,2
-22.9503,-14.865863,17.954712,2
-3.8719625,-2.9753065,-1.9642315,1
29.40846,-9.50421,-12.627572,1
0.89882624,3.8251622,-4.9930787,1
0.013101953,-41.786026,10.585041,2
-13.79853,-39.92098,7.768014,2
-25.73591,-22.428417,-12.116315,2
20.806688,-37.866283,13.830585,2
-11.323842,-38.387604,-17.758919,2
-3.8980317,-12.785366,7.95991,2
-11.89075,-21.504162,4.002819,2
24.844862,6.157135,2.4196687,1
-6.2673883,-19.638397,23.103075,2
13.852154,-22.758657,5.9627767,2
-9.0624895,-22.945026,33.553783,2
-26.180456,13.37683,18.100079,0
-0.31525335,-40.878254,-12.547005,2
11.691617,-7.3708797,-13.278723,1
6.0229692,-40.74085,-8.723373,2
-0.7706464,-3.3262498,-0.09731673,1
20.806688,-37.866283,13.830585,2
-30.366663,-32.69452,4.018731,2
33.011223,-20.019835,13.82216,2
-5.836086,-19.527042,13.480748,2
9.447056,-4.326378,24.631062,1
5.8753757,-31.670462,10.801129,2
-17.662498,-3.8701136,6.082783,1
-19.60845,-32.20847,12.118692,2
-32.50183,-35.245605,-10.324823,2
-29.337673,-43.321716,12.689601,0
0.62592936,-36.57195,-17.59255,2
-28.727564,-33.110443,18.358248,2
-23.531464,-34.83053,0.19341372,2
-1.9990388,-35.777645,22.938375,2
2.5991712,-27.566015,-14.134273,2
1.9292039,-16.447182,-0.16126858,2
-6.0141473,-22.407072,-2.5377517,2
-25.199945,-33.946224,18.275068,2
5.8783884,-17.494122,21.95118,2
-2.955415,-11.544931,-1.936555,1
5.8753757,-31.670462,10.801129,2
-15.642871,-31.334414,13.675487,2
-0.5580771,-30.713991,-16.98858,2
-34.691833,-33.04008,-0.9704869,0
-29.119705,-45.19462,8.210332,0
33.011223,-20.019835,13.82216,2
12.673673,-28.679274,2.0516098,2
16.191633,-36.191654,-2.3644166,2
-4.9579973,-45.731827,-8.339201,2
-6.103981,-30.880209,31.940964,2
12.663408,-16.32559,22.374062,2
11.47762,-12.2009325,14.982707,2
-19.65754,-6.9254904,11.054118,2
-10.695569,-24.922058,-3.9612415,2
15.645031,-15.751458,-18.59776,2
10.048951,-26.187325,-15.711699,2
-3.2522812,-34.603004,-5.301286,2
16.186993,-8.891749,-9.869108,2
30.737743,-14.579496,23.603481,2
17.930815,-16.950686,35.80597,2
-11.133296,-42.618313,-2.8168237,2
12.286531,-15.87526,11.8470335,2
-17.629038,-35.87387,21.014229,2
1.8600446,-22.319593,12.273164,2
-8.818988,-25.193493,1.2669566,2
19.578611,7.770504,-10.493845,1
-7.98271,12.118728,-22.04422,0
2.979058,-17.30866,-11.255486,2
3.252179,-13.193203,-3.3964708,2
8.432872,-21.786392,28.00347,2
3.805126,-15.339217,14.6609745,2
3.8195176,-27.233059,24.469845,2
-16.761375,-0.82777244,9.475018,1
33.892822,-16.622871,18.9763,2
6.516697,-37.132973,14.765043,2
-19.60845,-32.20847,12.118692,2
-29.023447,-37.195118,-9.733774,2
-29.337673,-43.321716,12.689601,0
-0.95987403,-27.922773,3.3257856,2
4.259919,-10.529421,-7.9334617,2
-4.0536146,-24.586117,15.572882,2
-10.728766,-41.853092,16.548115,2
-13.439483,-3.728063,7.7271657,1
-7.1276674,-51.73124,11.30772,2
32.63595,-4.936649,14.353466,1
16.191633,-36.191654,-2.3644166,2
-9.528124,-17.924278,26.179857,2
23.23391,11.986783,7.2128043,1
-19.854748,-46.911907,11.037909,0
-18.334347,-39.891373,11.007774,2
-10.813594,-34.787704,-3.9377575,2
-30.366663,-32.69452,4.018731,2
9.869502,-41.85033,-13.279755,2
-11.927795,-9.82111,-0.5743185,2
11.9953,-7.932536,19.226395,2
6.785375,-14.864067,10.710823,2
22.539925,-1.2876565,4.4833164,1
-3.3654702,-16.540495,-8.329909,2
3.962098,-5.608667,30.456566,2
-20.201756,-10.330131,0.6164428,2
-6.829498,-52.561893,4.4201984,2
-20.55419,-29.088732,24.044554,2
-20.620344,-6.874207,15.668435,2
8.975728,-33.649868,25.07816,2
-1.7314911,-51.942097,6.840509,2
-10.572044,-20.871908,-0.81531674,2
5.616326,-3.4187262,-27.126,2
31.315477,-18.016197,21.830296,2
-30.378849,-36.29428,1.7906418,2
-8.253368,-28.276186,17.754578,2
9.598309,-27.21176,-0.11191665,2
-11.655728,-26.021566,25.04288,2
3.9814742,-11.481567,20.314869,1
20.806688,-37.866283,13.830585,2
7.396099,-15.794616,4.543892,2
-7.492506,-38.23861,19.607481,2
1.9583023,-34.08562,-9.348429,2
-16.275047,-35.022156,2.007115,2
-12.222298,-20.626856,-15.887527,2
20.806688,-37.866283,13.830585,2
-4.2933564,-47.223473,-3.819313,2
-0.011687379,-9.819058,34.5729,2
-10.402275,-6.4135294,14.341242,1
0.9420774,-21.376362,-10.902769,2
13.73071,-15.665698,34.002544,2
-3.3084111,-18.881289,34.804245,2
-11.323842,-38.387604,-17.758919,2
-2.7745116,-35.08193,17.102875,2
10.582811,-37.80851,4.964815,2
14.321872,-15.395717,18.95931,2
-10.558218,-48.59935,7.853502,2
21.779716,12.389046,2.3354583,1
-5.5492644,-13.417928,29.873524,2
-3.045868,-41.308372,18.805048,2
-18.194618,4.963858,8.240788,1
-6.6401916,-20.32234,2.5144455,2
3.9313183,-37.65368,23.892078,2
1.8553948,-35.38127,31.652851,2
6.7934856,-35.643597,34.156246,2
34.181892,-9.400588,-15.536836,1
-16.82153,-4.6933737,13.752069,2
-9.925123,-31.005032,24.996807,2
14.567494,-11.308401,-14.807362,1
36.64683,-2.699471,-13.940585,1
13.8505125,-24.894466,-9.372799,2
-4.271023,-43.933125,-1.7991956,2
16.08226,-21.339508,19.929436,2
0.81437147,-24.59876,36.19913,2
13.144909,-21.610128,9.631521,2
16.31983,-16.937653,-8.512096,1
6.688119,-42.891464,-17.750679,2
2.1117358,-32.455772,9.579747,2
-10.549285,-49.1332,2.0444205,2
22.877508,13.824174,11.513545,1
29.376,-5.6412063,-14.872304,1
-1.992582,-38.608543,-6.9310837,2
19.057707,-2.99048,24.096224,1
-14.262418,-24.065248,-0.08906832,2
2.5991712,-27.566015,-14.134273,2
8.640912,-38.308388,-16.718626,2
-17.830217,-15.793186,2.8115203,2
19.9033,-19.044237,18.084785,1
3.2198858,-21.081095,24.326235,2
11.128812,-30.82587,-17.324917,2
5.8504853,-27.328165,-7.7615047,2
7.2197814,-24.355398,22.70934,2
16.942486,-1.481782,4.0114303,1
-2.071463,-34.471542,-12.438174,2
3.4348564,-30.288706,19.885271,2
-8.285445,-40.701786,8.143275,2
38.685883,-9.717692,-15.9786005,1
-9.997067,-19.97364,-5.6866794,2
-6.829498,-52.561893,4.4201984,2
-22.732286,-7.9247813,4.6437902,1
35.4062,-4.5625587,-10.884012,1
33.011223,-20.019835,13.82216,2
-24.350534,-25.596676,12.0512905,2
28.274887,29.361797,24.78418,1
29.530636,27.663128,22.011744,1
30.097265,6.5654807,3.1712375,1
32.000298,5.464686,-7.801374,1
-7.6364946,6.746304,-3.0175767,1
27.936392,16.15344,9.713984,1
16.11716,20.791727,20.910458,1
-6.3746667,-1.8341706,25.95267,1
30.09595,33.046,20.86436,0
20.346268,-29.644318,-19.528107,1
34.523945,20.415854,19.100327,1
29.596539,-16.0458,-0.80371314,1
4.3051696,25.053295,14.938778,1
10.757263,-1.5334854,12.133995,1
22.118994,1.4005234,-37.540062,1
34.30036,13.096143,20.931171,1
-24.131868,-19.245262,-16.12267,2
-6.6871076,29.932507,0.03815941,1
-9.384667,33.944,0.92017126,1
22.22382,-3.8833592,-35.91169,1
-17.425203,31.23757,-7.4502344,0
-25.403532,37.951195,-13.578649,0
30.899359,-1.6584433,6.044512,1
31.374811,14.196874,28.114841,1
13.880142,17.449049,29.480469,1
14.71516,-10.652952,3.8901396,2
10.540229,15.364808,22.36084,1
6.9117403,2.6283402,13.34373,1
1.532031,-0.68062013,9.868237,0
-22.023006,25.549381,9.845212,0
-18.622677,20.593702,6.5090623,0
6.217333,9.898819,19.523691,1
-36.695988,-10.929421,12.427233,0
16.23056,-5.5651426,7.937183,1
-1.1684929,8.076081,18.43973,0
5.3208575,8.614838,38.51345,1
7.921225,11.613201,41.42215,1
-21.724064,14.112796,8.7942,0
-31.483788,14.54038,-19.163935,0
9.466099,17.52671,35.08595,1
-19.086884,16.170427,4.537155,0
8.114157,-3.3952336,1.920134,1
-6.1816816,0.51376116,19.302761,1
27.01943,12.298463,-6.743419,1
-5.403762,0.6511487,-9.742059,1
24.46993,18.792635,-8.261699,1
-40.675426,9.677003,-9.283274,0
-11.158375,28.926876,-20.060316,0
-5.9190307,33.937675,-21.119783,1
18.380732,-25.136017,-21.278212,1
-1.1271425,6.7147994,-25.189486,1
-19.255678,34.95415,-27.639835,0
32.11568,9.486516,5.402716,1
30.794777,16.3476,3.2890074,1
-20.572495,21.367313,-11.75641,0
20.431921,26.973814,-8.640481,1
-27.608587,21.74131,7.199851,0
33.818977,35.103054,4.9760337,1
-34.66134,12.001134,5.1171727,0
-27.863464,7.382111,24.516634,0
-40.142372,22.511635,-9.81518,0
-40.199654,-24.388868,0.2769574,0
26.494993,-4.96177,-28.903196,2
25.462755,3.3907244,-25.371252,1
34.45242,14.658486,7.0304155,1
18.363321,9.880776,-42.830765,1
-11.2950115,6.638999,-7.0416512,1
22.797909,17.522072,-11.737557,1
-26.146399,5.933632,-16.245634,0
38.826748,-5.79846,-7.082764,1
-5.6603527,6.843242,-16.000856,1
17.244415,-7.5547314,-28.401672,2
1.2085556,14.77658,-25.439898,1
-20.054941,0.7679693,-11.68783,0
28.222528,10.404238,5.0750756,1
-30.135471,-18.72273,-4.15988,2
31.374811,14.196874,28.114841,1
-33.769608,16.100023,-1.3902247,0
-22.757042,-8.466901,-10.93066,2
-4.531072,41.070137,17.182623,1
-20.21676,13.600022,-21.870918,0
19.000963,46.973457,-3.9589014,1
15.67574,-26.835985,28.647177,2
-26.540937,-4.882892,-1.6555547,2
-8.938184,-2.045776,4.2965603,1
-21.859873,0.24135077,12.239939,1
-12.623758,-9.5872555,8.264479,2
20.787926,36.13522,1.1212105,1
17.010445,49.498703,-2.550378,1
21.663168,24.776499,3.715418,1
29.530058,-23.055195,-14.292297,1
-32.795612,18.396212,1.3004872,0
34.30036,13.096143,20.931171,1
-0.52780026,7.8235617,-40.8354,1
28.74209,37.557686,-12.432251,1
-7.7912745,19.157299,-31.356464,0
20.028728,1.9172213,-28.537045,1
18.402637,9.073091,-27.009298,1
17.507467,-1.8758873,-26.327461,1
-7.897386,-2.3957603,-27.098743,2
14.186963,1.1323134,-23.250559,1
-24.684544,7.0121355,29.51745,1
-16.041025,-42.961678,-5.7859488,2
-33.1024,4.256138,-9.049668,0
26.067787,7.4484634,-19.005552,1
23.887127,-2.1858706,-24.725964,1
25.336025,5.278506,-15.682787,1
-7.277192,6.1642137,-42.752987,0
1.2532743,17.414886,-33.592205,0
3.8367693,18.289343,-45.243515,1
11.793785,6.2011037,-20.374971,1
4.103238,30.643225,-26.053175,1
-34.571514,-21.233849,-14.649007,2
19.453012,-3.3175945,-29.63268,2
13.780956,-26.072657,-23.24355,1
18.040297,14.84449,-13.168553,1
2.733818,8.766304,-42.23402,1
14.196686,16.93381,-15.814154,1
23.35729,0.4641882,-30.319117,1
4.3539515,8.22866,-19.823114,1
-16.836277,-2.9444578,-2.5541046,1
-38.32108,-20.832048,-11.418711,0
-16.67646,-34.40007,-16.296926,2
35.971115,-5.9014907,-18.492683,1
22.50081,7.5801463,-27.793297,1
18.019567,16.87217,-18.829565,1
29.747423,-11.132676,-19.866251,1
25.260323,11.128945,-23.436134,1
9.068056,36.04052,-10.299735,1
7.941242,-19.833498,36.345467,2
-0.62575084,-8.752579,6.740575,2
11.660128,1.1348674,20.583082,1
0.1401485,46.538567,-4.040773,0
7.907293,48.064693,-5.820655,1
42.41054,0.5042039,5.8271055,1
20.085676,23.743605,8.343772,1
-5.1473165,46.65099,-2.7057068,0
-8.80885,33.18871,24.633514,1
-35.268444,25.320587,-2.8420284,0
-11.545925,34.536312,22.761744,1
20.11606,12.490747,-4.785921,1
-26.981808,-11.637603,-26.972593,2
7.4287415,9.265177,3.7025616,1
18.54274,34.474075,-18.89216,1
22.965248,19.43492,14.240838,1
-9.242312,40.799038,18.22052,0
-7.1647573,17.237339,-2.4489284,1
8.296092,44.85925,-0.27371764,1
7.0170736,44.89499,-6.756137,1
2.742633,46.5171,0.3407246,1
26.182592,36.126198,-4.2045603,1
19.206015,40.521816,-7.0963693,1
17.8321,27.536663,-6.635909,1
32.134323,28.95731,1.6250308,1
22.144398,35.07193,-15.91513,1
2.5099292,49.584675,3.0880108,0
12.967226,44.225403,6.5310335,1
8.983898,50.635563,4.989932,1
5.7865567,45.62153,6.24836,1
9.932767,-7.516471,-35.64187,1
-34.276848,-17.1186,-13.825254,0
-10.985563,-9.366105,-19.071434,1
-26.371706,12.703264,-11.395964,0
10.599528,41.79692,6.844647,1
-9.88307,-12.633652,-20.901796,1
-4.531072,41.070137,17.182623,1
-22.01857,-10.470537,-17.117052,2
-32.17002,-8.705449,-8.351961,0
22.300636,23.01287,12.55365,1
28.162178,38.54192,-7.977341,1
19.657976,36.680176,4.570761,1
31.868515,-6.1021156,4.7727404,1
23.305765,37.511276,-6.2177424,1
27.376808,33.35796,-8.163436,1
29.338757,29.232452,-1.1842412,1
-46.245815,-2.3703463,14.370766,0
33.51328,27.734556,-1.8955537,1
7.4893045,50.838116,8.761253,1
-45.433567,-5.5065627,5.715269,0
5.163315,47.305977,9.595905,1
7.7805853,41.00233,-1.4600329,1
-29.042093,-7.1276126,-11.708719,2
6.3729415,36.997227,-7.275363,1
33.320694,35.811935,1.454963,1
38.161148,28.957901,18.5695,1
33.77226,26.12071,18.10976,1
32.481346,-11.346232,-22.766151,1
30.842321,-25.370638,-16.247646,1
16.840368,-5.012185,27.20838,1
35.34782,-18.014397,-6.014193,1
32.382328,-16.377361,-3.1249871,1
-16.46352,2.6698275,-2.6770005,0
28.28477,10.793578,-2.7713602,1
-24.729689,-4.200036,-16.94415,1
36.60813,24.482454,17.184923,1
25.995846,-1.8272977,11.108849,1
28.088175,2.1660285,10.315422,1
-27.544989,-4.204149,-14.954813,1
31.25203,34.999004,-4.507851,1
21.469307,40.213154,-0.34497985,1
35.164425,25.63149,12.705218,1
6.922277,6.2141147,-26.353231,1
6.6271214,20.52556,17.079884,1
2.4366078,-42.492645,1.5955757,2
4.899911,-2.573005,-16.1148,1
8.891903,10.604061,-17.043646,1
13.988208,0.37114447,-7.237454,1
3.2954314,14.23043,1.0536269,1
3.7521605,-10.524394,-26.841751,2
11.40002,-3.5768068,-36.921974,1
-2.1096141,-13.818639,-32.009842,2
20.753197,6.267061,-20.485813,1
4.741867,17.782284,-18.815905,1
-30.990286,-11.950558,-25.176245,0
-37.375378,29.911377,1.42069,0
-33.670925,29.768536,3.2748005,0
-39.208828,13.230182,-13.582593,0
-17.278044,-10.780099,30.90788,0
-37.15377,-0.25289103,-14.935876,0
-45.433567,-5.5065627,5.715269,0
-46.245815,-2.3703463,14.370766,0
32.68778,-6.7736716,0.98162156,1
32.944992,-1.1356866,9.359421,1
-16.423298,-17.412588,-15.59937,2
32.830288,-31.046087,2.7211123,0
13.497666,-23.36386,34.249577,2
-20.4374,23.578678,23.316744,0
17.71633,20.268085,-27.802752,1
22.67606,25.060843,-32.307423,1
9.760012,28.550756,-45.760723,1
-45.876015,21.148703,-1.4028717,0
-3.7527964,1.9270748,-45.415745,1
11.530876,14.092404,-37.073925,1
11.615343,4.5401297,-52.160744,1
9.924359,10.515553,-43.72662,1
1.1456944,24.784746,-36.34922,1
-0.033461656,21.395164,-27.326756,0
3.4341063,25.421597,-28.47907,1
-45.876015,21.148703,-1.4028717,0
11.135705,22.0923,-34.92638,1
-36.262135,27.655924,-17.965162,0
0.52614766,15.248041,-17.85456,1
9.099826,19.247736,-25.199215,1
-36.262135,27.655924,-17.965162,0
3.013571,12.148388,-13.509001,1
-47.13293,-16.179552,-2.1547613,2
16.201529,9.685609,0.056257736,1
30.052242,9.554427,10.366504,1
19.729141,4.020994,13.250574,1
-1.8850588,-3.8464262,21.557516,1
8.469497,1.4921106,-42.877853,1
11.872891,-2.8870857,42.227875,0
21.700226,-10.123227,31.289248,2
16.094395,-8.203156,39.11694,2
16.372791,-4.921931,34.053448,1
27.03756,-6.0526056,28.549702,1
-4.566875,9.073988,15.587924,1
33.45451,-0.10242316,27.190353,0
27.705908,2.6789958,27.231184,1
8.131412,-5.3874893,38.794765,1
37.4791,-4.954822,10.104004,1
39.419025,8.130181,8.475472,1
43.502365,8.421968,4.9532585,1
33.454582,13.269406,-3.3914218,1
19.845695,-9.966742,8.6480465,1
10.11746,20.359148,20.804106,1
-1.2365373,23.006447,22.763397,1
5.3040204,1.3693922,9.937085,1
6.0657706,16.439257,17.179916,1
3.8529725,9.395596,42.123135,1
4.7045107,17.572882,35.972744,1
-35.15143,13.934873,-25.32426,1
-27.322758,-20.497732,-2.377517,2
7.634123,-11.987526,39.376568,2
-4.781389,10.71344,11.826022,1
24.916235,-4.3583026,25.813602,1
-11.156851,-19.0278,16.830563,2
13.610967,-9.60437,27.78673,1
-10.165288,8.003637,29.54751,1
-12.398555,-10.280675,30.236296,2
-9.030543,-2.2473583,-7.036715,1
-24.542286,1.314744,-4.1828403,0
12.561651,12.675501,7.2891808,1
0.16918889,5.526401,-11.967571,1
-15.936544,8.140331,-15.589952,0
10.408984,14.608257,9.386263,1
-8.533115,18.663042,-7.5895944,1
12.817638,9.064258,10.057524,1
-34.595554,6.9883666,-11.431202,0
-1.0788087,-6.8644896,29.682188,2
-4.8682976,19.187737,-5.7673798,1
14.252364,10.700946,14.7947235,1
6.539156,-1.6949073,32.01422,2
-18.332848,-12.587191,-4.33973,2
-1.8669043,12.55156,-6.118097,1
-4.3830667,11.156798,-1.5444041,1
8.652403,-11.07351,-2.1198525,1
24.861786,0.7899166,22.43359,1
15.583315,5.5482063,-36.77453,1
-7.59735,20.365826,-37.876053,0
-35.440956,35.210796,-3.462123,0
28.214027,15.453072,21.232048,1
-13.458316,17.314203,-8.108536,0
-2.4009116,35.772194,12.520564,1
-10.631595,34.777496,12.251911,0
-27.865221,11.657282,24.672794,0
37.633377,11.116428,-1.5860465,1
7.380715,10.614763,-6.678166,1
14.211445,18.76757,-4.4865084,1
8.502178,5.804471,-6.8089128,1
4.8108735,-2.4828925,-8.629608,1
-3.283932,-10.136596,-29.69454,2
11.987788,0.77087414,-10.720376,1
26.164762,18.201674,-23.96178,1
39.961983,13.210728,1.8170389,1
-38.442394,-17.30733,11.2750025,0
12.74015,11.672452,-4.3890004,1
7.8125777,-0.23289981,-15.761749,1
9.150355,13.719104,-18.454365,1
11.5290365,5.962802,-34.072933,1
-39.895317,-17.508842,8.203136,0
6.5736866,13.862766,-22.971508,1
-11.6467705,26.018526,-23.81702,0
13.458667,28.592258,8.037574,1
-2.7177777,19.415518,-17.168865,0
15.344913,12.076671,-28.717096,1
-25.403532,37.951195,-13.578649,0
-25.403532,37.951195,-13.578649,0
-25.403532,37.951195,-13.578649,0
-25.403532,37.951195,-13.578649,0
-19.255678,34.95415,-27.639835,0
-25.403532,37.951195,-13.578649,0
-37.784386,11.788435,-9.580557,0
-25.403532,37.951195,-13.578649,0
-25.403532,37.951195,-13.578649,0
-25.403532,37.951195,-13.578649,0
-19.255678,34.95415,-27.639835,0
0.73047805,17.018282,-0.10704491,1
11.284597,15.11902,-3.1069915,1
1.68801,9.797916,8.617846,1
10.907482,-1.7130582,-40.296883,1
1.1456944,24.784746,-36.34922,1
8.63703,17.154293,-27.878056,1
-6.193082,0.31260452,-43.773453,1
11.530876,14.092404,-37.073925,1
17.71633,20.268085,-27.802752,1
22.67606,25.060843,-32.307423,1
1.8484616,25.635315,-24.710756,1
-45.876015,21.148703,-1.4028717,0
15.117144,7.7494674,-32.97976,1
-2.0286806,47.64679,-8.14949,0
9.811517,8.027414,-41.406883,1
9.760012,28.550756,-45.760723,1
-45.876015,21.148703,-1.4028717,0
14.183912,23.772207,-35.40317,1
11.615343,4.5401297,-52.160744,1
27.113182,16.410534,-26.824594,1
-8.11596,17.822634,-41.50351,1
-0.3462724,26.861494,-27.930912,1
-40.860172,-15.0951805,1.9870306,0
15.781042,-0.24266897,-38.176167,1
0.90799254,-14.6787615,-35.282894,1
-18.47526,-23.97807,-17.981274,2
10.488706,12.5219965,-9.912132,1
-3.288137,12.237636,-12.564121,1
11.604505,34.897995,-8.209046,1
-26.072298,-21.049292,-21.246439,0
-26.73752,-12.340928,-14.410671,2
8.390397,1.4393411,-9.352523,1
-23.281248,-13.213155,-11.842157,2
-26.176437,30.379189,8.495114,0
1.2222004,8.232456,-8.871352,1
16.602882,15.951729,-22.90988,1
-16.696026,15.696148,-3.6605954,0
25.120564,35.551815,-13.167971,1
18.130062,16.838133,2.8084378,1
-19.38132,12.905316,-17.838285,0
-30.998268,12.14295,4.3011937,0
-5.8159475,14.733511,-28.042088,0
14.993155,11.393094,-16.204905,1
11.597389,25.668247,-31.780815,1
14.690198,10.504111,-24.258202,1
0.96179616,-12.152607,-31.01738,2
14.64023,-4.4041276,-41.30352,1
17.467558,7.365735,-18.181564,1
-5.7770143,-13.4224205,20.09514,2
16.700644,-14.6389065,2.7188797,1
21.719923,-10.771012,-1.1758229,2
-3.2598853,-39.619892,2.067242,2
18.67889,6.7541785,21.202631,1
-1.974853,12.723647,44.367382,1
-5.0978394,5.7843304,39.342045,1
-12.809407,21.710035,37.683414,0
4.4448094,26.90597,40.070957,1
-0.94497085,8.160522,29.760447,1
-9.185033,12.252527,25.027336,1
-40.989365,-12.057949,-6.4669843,0
13.077667,1.2886572,29.894209,1
2.0854487,21.68831,-2.9586043,1
5.989391,19.882416,5.5174174,1
-11.729137,6.662767,-23.681332,0
14.20187,-22.504263,0.49938974,2
-15.470844,-35.865337,-9.712225,2
-17.910791,6.886792,-18.304857,0
3.3174844,7.3462405,-32.863766,1
-4.3347807,2.690049,-37.02507,1
-40.853638,-0.54315317,-12.437647,0
-45.433567,-5.5065627,5.715269,0
-46.245815,-2.3703463,14.370766,0
-31.483788,14.54038,-19.163935,0
32.830288,-31.046087,2.7211123,0
-27.865221,11.657282,24.672794,0
-20.4374,23.578678,23.316744,0
16.267319,1.1985314,16.494379,1
4.3620863,22.896006,7.7854476,1
12.345331,23.355415,9.713669,1
-8.1994,6.9946337,-24.753033,1
-12.058421,2.8486233,-24.519949,1
-2.1955206,0.9521238,-34.883595,1
-5.912579,-16.22161,-21.867727,1
-19.738297,-45.29515,-6.2827005,0
-14.04525,-35.366474,26.583574,2
-0.48031288,-1.9366026,-30.083475,2
9.4759,7.7195344,-28.094715,1
2.7017303,10.607853,-34.47898,1
-41.594845,-12.22025,-0.7124868,0
26.675974,-1.7935959,-34.335052,1
24.906744,4.025261,-36.03258,1
26.295107,0.43310478,-39.302635,1
-45.82203,-11.631739,-3.1564362,0
-40.199654,-24.388868,0.2769574,0
1.7495962,19.431103,9.68278,1
-33.852432,-16.749422,-3.2250524,0
33.73105,-1.0024964,0.16276222,1
35.478,-10.127452,5.1783857,1
34.435547,2.9934163,10.807971,1
-28.07582,7.1607566,9.856746,0
-32.692852,4.083702,14.77581,1
35.900005,13.578093,-15.004064,1
-32.404274,34.00868,-7.498656,0
-19.526648,27.89775,0.99756664,0
-19.255678,34.95415,-27.639835,0
-9.771898,27.947336,2.6096356,1
-4.857404,26.42956,-9.054159,0
-6.492279,1.2233273,11.085407,1
-1.6645534,28.046972,-5.632937,1
-13.112286,29.876732,-3.6161788,0
0.90044487,27.051773,12.39165,1
-17.307144,34.596474,-1.306251,0
-20.770119,34.9983,-1.4233382,0
-16.63829,27.64155,-5.888,0
-4.659328,24.810059,2.0247612,1
-4.150459,26.181822,6.4089766,1
-21.275887,26.339024,-2.179183,0
-12.477194,-0.32970384,-8.985745,1
8.242856,1.5819396,6.137809,1
21.191597,-16.226706,29.731585,2
22.895716,-19.726683,28.732973,2
-20.450773,-20.655375,2.5547485,2
2.7013886,1.0736327,24.556515,1
28.926142,-2.1342664,23.94519,1
-14.734437,-0.73534864,-36.999435,0
9.609208,36.804893,20.288004,1
-3.0250618,12.760505,4.256938,1
28.601473,6.8667483,-4.535418,1
-0.68698174,5.4514956,2.0353239,1
-6.525344,33.083057,-17.935242,1
-36.54559,0.25763553,-26.625813,0
-19.255678,34.95415,-27.639835,0
-21.929548,6.5211844,-28.558249,0
10.886791,25.812521,22.79552,1
18.875343,-7.148455,0.8890294,1
-1.6043371,18.174994,14.692994,1
24.23425,16.667812,-0.24251358,1
-17.875689,21.106062,15.445733,0
-11.884363,-26.657366,9.101312,2
-14.040405,-12.500266,-25.160955,0
-27.696714,31.505754,-3.0743244,0
-42.775097,5.261086,-7.6120105,0
17.703577,6.253335,17.804996,1
-30.744102,24.045227,12.018501,0
-1.974853,12.723647,44.367382,1
-2.1308446,4.3313556,38.836136,1
-12.809407,21.710035,37.683414,0
4.4448094,26.90597,40.070957,1
-32.781025,24.743547,15.419058,0
-0.94497085,8.160522,29.760447,1
-31.721346,25.63243,8.453107,0
-10.975067,13.749236,27.389889,1
-6.238506,-37.8523,4.403367,2
-36.54559,0.25763553,-26.625813,0
2.5703735,33.09518,3.3679223,1
-7.8435254,20.762703,29.122805,0
-13.858845,16.205936,11.700207,0
11.427463,32.09157,18.6713,1
-7.297172,17.58737,25.102118,1
-16.38675,19.64253,-12.040616,0
13.1175165,18.92353,13.363815,1
-7.3722253,21.275341,16.59171,1
16.839525,13.438804,18.102388,1
-1.9850626,20.035446,38.521854,1
-24.60691,20.618465,-28.633934,0
1.4778278,26.403315,23.058348,1
-22.753588,19.056793,-31.07676,0
-1.575594,19.601711,34.158817,1
2.3631852,31.717365,29.010212,1
-3.4900718,16.793022,28.663412,1
1.7288762,28.15568,28.323383,1
-7.097666,13.147103,34.659172,1
-1.5795504,21.970512,27.64989,1
-3.415727,18.610765,19.489857,1
-22.17336,7.8479333,-0.5543103,0
-5.7338896,10.663494,30.45562,1
-0.029069424,11.198779,34.7953,1
-5.1671968,21.5107,39.52478,0
3.0909295,31.494837,0.50223345,1
-21.807934,17.942354,-15.793575,0
27.387667,32.175,10.33252,1
21.104761,28.518309,13.51935,1
-6.0370755,35.5461,12.342021,1
-25.810713,21.58564,-2.927984,0
8.994171,33.669407,23.839073,1
12.1451845,25.132135,3.1759017,1
14.599709,35.40979,24.92203,1
12.328125,25.960903,16.324371,1
7.9875402,32.496426,14.400011,1
16.775795,36.715313,18.35824,1
6.8519015,39.69466,18.108057,1
-35.772755,24.725275,-6.7049837,0
-36.763527,28.555317,5.4919834,0
13.585426,33.539577,15.590773,1
16.576197,31.343924,18.385984,1
1.0980287,37.228977,15.623192,1
16.775795,36.715313,18.35824,1
-35.217873,23.309431,4.6409755,0
10.519515,28.128918,3.069177,1
9.515489,21.118074,2.269999,1
28.191887,35.520977,10.516827,1
-29.912914,24.22486,0.43255195,0
-24.033882,16.577436,-1.3903724,0
-19.255678,34.95415,-27.639835,0
-13.454499,10.359769,-26.486626,0
-22.678919,22.081985,-24.843,0
-28.197182,18.174269,-4.8385897,0
-25.545912,6.4127007,-24.896784,0
-21.929548,6.5211844,-28.558249,0
-12.097887,31.586637,-22.467258,0
-4.1652813,37.78886,-17.982328,0
35.296825,16.743372,-14.161583,1
-32.692852,4.083702,14.77581,1
-13.00377,10.181548,-31.027811,0
-7.78193,31.272106,-4.843755,1
26.385086,-0.24439994,-2.9274986,1
-6.38818,34.162296,-2.9159777,1
24.107742,7.28628,-43.61307,1
24.107742,7.28628,-43.61307,1
18.171534,16.34944,-42.312107,1
6.7927566,19.619423,-43.782955,1
11.572262,-1.1080889,46.413433,0
-8.380638,45.351654,-9.436584,0
13.8603525,-19.959227,-33.496727,1
-4.8699083,17.769926,-35.034367,0
22.56014,12.812908,-35.930656,1
11.50782,17.016062,-51.129887,1
16.354298,6.0338755,-47.616623,1
20.610937,18.630295,-43.038086,1
-21.96283,4.57235,4.2637324,0
35.454273,2.102563,15.864936,1
29.809175,-28.357258,0.20937197,1
2.3979027,-45.796066,2.356008,2
-43.070175,-15.011906,-5.2595015,0
-2.597563,31.518795,-34.236942,0
-39.88119,-7.63334,-9.033839,0
-39.778084,-28.545578,3.9893415,0
-23.18464,0.61434805,6.3329897,1
-27.506641,-8.209171,4.8344336,0
-23.985043,8.744012,-8.07322,0
18.29257,3.3939972,-45.51779,1
14.669766,6.77935,-53.700607,1
11.50782,17.016062,-51.129887,1
19.859324,14.645337,-35.193806,1
-4.0619674,-7.728739,-12.658342,1
32.331753,-31.141542,-3.66932,1
-4.854371,-22.509542,-24.930538,2
0.8658731,-21.11464,-23.28835,1
-15.696521,33.892494,11.197891,0
-2.1257098,-19.742584,-22.558708,1
-4.584509,-24.412998,-14.01191,2
-3.5600061,-44.645084,-21.815632,2
-15.436893,-1.3652159,-23.869295,0
6.37848,16.934288,27.578943,1
8.323834,21.131134,25.224472,1
-20.948923,6.429019,13.7257595,0
-23.985043,8.744012,-8.07322,0
-25.666203,-26.159498,-10.572578,2
-11.251966,-41.796448,22.743736,2
-19.388823,-33.38422,-5.8994293,2
-39.551018,-8.25948,5.5221066,0
4.7642245,16.523336,-41.045727,1
-8.380638,45.351654,-9.436584,0
11.2180195,-21.78954,-34.247944,1
-4.8699083,17.769926,-35.034367,0
-22.009,-13.639026,5.8335996,2
-31.57346,27.874844,-3.6434412,0
40.542953,7.2430744,-3.8450942,1
9.302422,5.3004684,21.29504,1
-46.245815,-2.3703463,14.370766,0
25.603584,-2.626602,-5.3214145,1
37.76896,0.66574067,9.185978,1
24.016317,7.8031583,9.269719,1
-2.5474467,-0.43371785,-18.825445,1
13.033805,-4.0023866,21.185507,1
-15.546483,-13.641265,-29.510605,0
13.784076,-4.9192057,38.760136,2
22.230919,-1.7029786,29.550896,1
-37.96167,0.30247384,1.1234208,0
-16.09028,15.518777,-18.580004,0
-19.403002,0.90669125,18.529703,1
-13.14186,18.308672,1.3359329,0
-10.460077,12.043341,-12.620425,0
8.211031,4.6779304,-1.991256,1
8.340383,24.020742,-9.977421,1
-7.6852136,19.424896,-12.838754,1
1.8547578,16.922558,-8.494557,1
-32.762985,-2.8089042,-2.1525424,0
-6.5004215,-8.006511,34.383526,2
-3.5201557,19.849901,5.1632357,1
26.186678,6.3082733,17.046957,1
-45.433567,-5.5065627,5.715269,0
-40.853638,-0.54315317,-12.437647,0
19.326889,-23.26607,5.510103,1
-25.69145,-3.376602,13.412935,1
-34.649235,21.33264,-11.96372,0
-3.3349771,-33.74334,-25.452026,2
21.496426,-39.902596,-2.2709758,2
-34.56754,26.66962,-11.874277,0
-5.621248,-5.56169,-28.159481,2
-27.246058,-14.238671,25.298067,2
0.67196304,-2.209245,-38.049503,1
-12.919427,-12.297666,-8.992066,2
-18.329212,-17.499866,9.368498,2
17.337187,-28.688484,26.271296,2
22.821491,2.3359897,-6.3170824,1
18.339,1.5181527,-17.97611,1
-31.435234,-1.6605535,-7.6975155,0
25.200293,-9.490122,18.308777,1
-24.564312,13.948899,13.567465,0
-21.717493,23.903288,-8.865112,0
-26.28463,-14.885995,21.562593,2
-39.001686,27.861502,-7.221778,0
-31.771475,6.9673853,-2.7704394,0
22.587276,-9.816849,21.392612,2
-1.7366732,-10.066837,-14.089921,2
-8.72334,-6.945081,-15.741819,1
-31.483788,14.54038,-19.163935,0
